{"conv1": [[0.125, 0.1875, 0.25, 0.3125, 0.375, 0.4375, 0.5, 0.5625, 0.625, 0.6875, 0.75, 0.8125, 0.875, 0.9375, 1.0], [0.4083, 0.5549, 0.7732, 0.8413, 0.8474, 0.8879, 0.8908, 0.8924, 0.8797, 0.9014, 0.9019, 0.9036, 0.9034, 0.9044, 0.9044]], "layer1.0.conv1": [[0.125, 0.1875, 0.25, 0.3125, 0.375, 0.4375, 0.5, 0.5625, 0.625, 0.6875, 0.75, 0.8125, 0.875, 0.9375, 1.0], [0.4568, 0.625, 0.6223, 0.7456, 0.7622, 0.5399, 0.8707, 0.8919, 0.8325, 0.8871, 0.9008, 0.902, 0.9032, 0.9044, 0.9044]], "layer1.0.conv2": [[0.125, 0.1875, 0.25, 0.3125, 0.375, 0.4375, 0.5, 0.5625, 0.625, 0.6875, 0.75, 0.8125, 0.875, 0.9375, 1.0], [0.7909, 0.8302, 0.8683, 0.8713, 0.8749, 0.8765, 0.8862, 0.8921, 0.894, 0.8984, 0.8995, 0.903, 0.9006, 0.9042, 0.9044]], "layer1.1.conv1": [[0.125, 0.1875, 0.25, 0.3125, 0.375, 0.4375, 0.5, 0.5625, 0.625, 0.6875, 0.75, 0.8125, 0.875, 0.9375, 1.0], [0.6717, 0.8061, 0.765, 0.7852, 0.823, 0.8468, 0.8785, 0.8549, 0.9011, 0.8817, 0.8982, 0.897, 0.8994, 0.9029, 0.9044]], "layer1.1.conv2": [[0.125, 0.1875, 0.25, 0.3125, 0.375, 0.4375, 0.5, 0.5625, 0.625, 0.6875, 0.75, 0.8125, 0.875, 0.9375, 1.0], [0.8578, 0.8766, 0.8859, 0.8732, 0.8922, 0.8921, 0.9007, 0.8936, 0.8946, 0.9013, 0.8959, 0.9022, 0.9021, 0.8989, 0.9044]], "layer1.2.conv1": [[0.125, 0.1875, 0.25, 0.3125, 0.375, 0.4375, 0.5, 0.5625, 0.625, 0.6875, 0.75, 0.8125, 0.875, 0.9375, 1.0], [0.1395, 0.2487, 0.2432, 0.4776, 0.392, 0.4503, 0.6167, 0.6484, 0.7267, 0.8362, 0.8856, 0.8868, 0.8917, 0.8972, 0.9044]], "layer1.2.conv2": [[0.125, 0.1875, 0.25, 0.3125, 0.375, 0.4375, 0.5, 0.5625, 0.625, 0.6875, 0.75, 0.8125, 0.8745659722222222, 0.9370659722222222, 0.9995659722222222], [0.4598, 0.6951, 0.599, 0.7569, 0.701, 0.8039, 0.7963, 0.8323, 0.8764, 0.8842, 0.8953, 0.8979, 0.8987, 0.9031, 0.9044]], "layer2.0.conv1": [[0.0625, 0.09375, 0.125, 0.15625, 0.1875, 0.21875, 0.25, 0.28125, 0.3125, 0.34375, 0.375, 0.40625, 0.4375, 0.46875, 0.5, 0.53125, 0.5625, 0.59375, 0.625, 0.65625, 0.6875, 0.71875, 0.75, 0.78125, 0.8125, 0.84375, 0.875, 0.90625, 0.9375, 0.96875, 1.0], [0.3952, 0.4533, 0.7081, 0.7415, 0.7424, 0.6228, 0.6821, 0.7277, 0.783, 0.7021, 0.7756, 0.8258, 0.784, 0.8092, 0.8294, 0.8343, 0.7657, 0.8324, 0.8516, 0.8764, 0.8706, 0.8361, 0.884, 0.8907, 0.8868, 0.8985, 0.8975, 0.8995, 0.9032, 0.9024, 0.9044]], "layer2.0.conv2": [[0.0625, 0.09375, 0.125, 0.15625, 0.1875, 0.21875, 0.25, 0.28125, 0.3125, 0.34375, 0.375, 0.40625, 0.4375, 0.46875, 0.5, 0.53125, 0.5625, 0.59375, 0.625, 0.65625, 0.6875, 0.71875, 0.75, 0.78125, 0.8125, 0.84375, 0.875, 0.90625, 0.9375, 0.96875, 1.0], [0.4237, 0.4834, 0.5301, 0.5675, 0.6313, 0.6572, 0.7248, 0.6729, 0.6898, 0.7255, 0.7728, 0.7919, 0.7905, 0.8225, 0.8451, 0.8542, 0.8532, 0.8346, 0.8474, 0.8584, 0.8648, 0.8892, 0.886, 0.8807, 0.8996, 0.9003, 0.902, 0.9039, 0.9029, 0.9027, 0.9044]], "layer2.1.conv1": [[0.0625, 0.09375, 0.125, 0.15625, 0.1875, 0.21875, 0.25, 0.28125, 0.3125, 0.34375, 0.375, 0.40625, 0.4375, 0.46875, 0.5, 0.53125, 0.5625, 0.59375, 0.625, 0.65625, 0.6875, 0.71875, 0.75, 0.78125, 0.8125, 0.84375, 0.875, 0.90625, 0.9375, 0.96875, 1.0], [0.7193, 0.727, 0.7388, 0.7567, 0.7882, 0.7898, 0.7498, 0.789, 0.8249, 0.8276, 0.8279, 0.8281, 0.8717, 0.8608, 0.869, 0.8729, 0.8816, 0.854, 0.8761, 0.8439, 0.8811, 0.8798, 0.8716, 0.8896, 0.8892, 0.8824, 0.8842, 0.8893, 0.9001, 0.9047, 0.9044]], "layer2.1.conv2": [[0.0625, 0.09375, 0.125, 0.15625, 0.1875, 0.21875, 0.25, 0.28125, 0.3125, 0.34375, 0.375, 0.40625, 0.4375, 0.46875, 0.5, 0.53125, 0.5625, 0.59375, 0.6248914930555556, 0.6561414930555556, 0.6873914930555556, 0.7186414930555556, 0.7498914930555556, 0.7811414930555556, 0.8123914930555556, 0.8436414930555556, 0.8748914930555556, 0.9060329861111112, 0.9373914930555556, 0.9685329861111112, 0.9997829861111112], [0.8012, 0.7811, 0.7973, 0.8225, 0.8164, 0.8453, 0.8533, 0.8613, 0.8695, 0.8616, 0.874, 0.8787, 0.89, 0.8818, 0.8737, 0.8798, 0.8881, 0.8856, 0.894, 0.8937, 0.8934, 0.8956, 0.898, 0.8987, 0.8993, 0.9029, 0.9049, 0.9019, 0.9045, 0.9038, 0.9044]], "layer2.2.conv1": [[0.0625, 0.09375, 0.125, 0.15625, 0.1875, 0.21875, 0.25, 0.28125, 0.3125, 0.34375, 0.375, 0.40625, 0.4375, 0.46875, 0.5, 0.53125, 0.5625, 0.59375, 0.625, 0.65625, 0.6875, 0.71875, 0.75, 0.78125, 0.8125, 0.84375, 0.875, 0.90625, 0.9375, 0.96875, 1.0], [0.7171, 0.6559, 0.7761, 0.6953, 0.7398, 0.6681, 0.8036, 0.804, 0.7623, 0.8606, 0.8353, 0.8545, 0.8092, 0.8458, 0.8627, 0.885, 0.8274, 0.8804, 0.8588, 0.8916, 0.8781, 0.9001, 0.8891, 0.8974, 0.8893, 0.8971, 0.9025, 0.9019, 0.9033, 0.9045, 0.9044]], "layer2.2.conv2": [[0.0625, 0.09375, 0.125, 0.15625, 0.1875, 0.21875, 0.25, 0.28125, 0.3125, 0.34375, 0.375, 0.40625, 0.4375, 0.46875, 0.5, 0.53125, 0.5625, 0.59375, 0.625, 0.65625, 0.6875, 0.71875, 0.75, 0.78125, 0.8125, 0.84375, 0.875, 0.90625, 0.9375, 0.96875, 1.0], [0.7745, 0.8083, 0.8201, 0.807, 0.8145, 0.8127, 0.8384, 0.8533, 0.8558, 0.865, 0.8736, 0.8494, 0.8652, 0.8682, 0.8685, 0.8773, 0.8747, 0.8792, 0.8823, 0.8976, 0.893, 0.8889, 0.898, 0.896, 0.9045, 0.9025, 0.9042, 0.9038, 0.9032, 0.9045, 0.9044]], "layer3.0.conv1": [[0.03125, 0.046875, 0.0625, 0.078125, 0.09375, 0.109375, 0.125, 0.140625, 0.15625, 0.171875, 0.1875, 0.203125, 0.21875, 0.234375, 0.25, 0.265625, 0.28125, 0.296875, 0.3125, 0.328125, 0.34375, 0.359375, 0.375, 0.390625, 0.40625, 0.421875, 0.4375, 0.453125, 0.4686957465277778, 0.484375, 0.5, 0.515625, 0.53125, 0.546875, 0.5625, 0.578125, 0.5936957465277778, 0.609375, 0.625, 0.640625, 0.65625, 0.671875, 0.6875, 0.7030707465277778, 0.7186957465277778, 0.7343207465277778, 0.7499457465277778, 0.7655707465277778, 0.7811957465277778, 0.7968207465277778, 0.8123914930555556, 0.8280164930555556, 0.8436414930555556, 0.8593207465277778, 0.8748914930555556, 0.8905164930555556, 0.9061414930555556, 0.9217664930555556, 0.9373914930555556, 0.9530164930555556, 0.9686414930555556, 0.9842664930555556, 0.9998914930555556], [0.2789, 0.3716, 0.3204, 0.5799, 0.4642, 0.6019, 0.4864, 0.5147, 0.552, 0.5739, 0.5571, 0.5405, 0.5729, 0.5952, 0.5675, 0.7394, 0.713, 0.6819, 0.7609, 0.7398, 0.7479, 0.7418, 0.7272, 0.7761, 0.7549, 0.7522, 0.8011, 0.7728, 0.7877, 0.7908, 0.8371, 0.7826, 0.7999, 0.8626, 0.8499, 0.8214, 0.8456, 0.8535, 0.8299, 0.819, 0.8541, 0.8628, 0.8718, 0.8232, 0.877, 0.8781, 0.881, 0.8856, 0.8785, 0.8884, 0.8837, 0.8905, 0.8882, 0.8951, 0.8951, 0.8973, 0.8957, 0.8981, 0.9002, 0.9026, 0.9019, 0.9037, 0.9044]], "layer3.0.conv2": [[0.03125, 0.046875, 0.0625, 0.078125, 0.09375, 0.109375, 0.125, 0.140625, 0.15625, 0.1718478732638889, 0.1875, 0.203125, 0.2187228732638889, 0.234375, 0.25, 0.2655978732638889, 0.28125, 0.2968478732638889, 0.3124728732638889, 0.3280978732638889, 0.3436957465277778, 0.3593478732638889, 0.3749728732638889, 0.3905978732638889, 0.4062228732638889, 0.4218478732638889, 0.4374728732638889, 0.4530707465277778, 0.46875, 0.4842936197916667, 0.4999728732638889, 0.5155707465277778, 0.5312228732638888, 0.5468207465277778, 0.5624457465277778, 0.5780436197916666, 0.5936686197916666, 0.6093207465277778, 0.6249457465277778, 0.6405164930555556, 0.6561143663194444, 0.6717664930555556, 0.6874186197916666, 0.7029893663194444, 0.7186143663194444, 0.7342122395833334, 0.7498643663194444, 0.7654351128472222, 0.7811143663194444, 0.7967393663194444, 0.8123372395833334, 0.8279351128472222, 0.8435872395833334, 0.8591851128472222, 0.8748101128472222, 0.8904351128472222, 0.9060329861111112, 0.9216579861111112, 0.937255859375, 0.952880859375, 0.9684787326388888, 0.9840766059027778, 0.9997287326388888], [0.3155, 0.3492, 0.4112, 0.3391, 0.5358, 0.4055, 0.5338, 0.5213, 0.5228, 0.58, 0.5305, 0.5759, 0.5774, 0.6325, 0.7303, 0.6763, 0.7304, 0.749, 0.5268, 0.6408, 0.7254, 0.6475, 0.7255, 0.6834, 0.7296, 0.7782, 0.7707, 0.7793, 0.786, 0.8018, 0.7755, 0.7892, 0.7327, 0.8332, 0.802, 0.8565, 0.8449, 0.857, 0.8655, 0.8652, 0.8524, 0.8702, 0.8786, 0.8686, 0.8655, 0.8743, 0.8818, 0.8862, 0.892, 0.8906, 0.8975, 0.893, 0.8963, 0.9003, 0.9015, 0.9019, 0.9012, 0.9043, 0.9047, 0.9051, 0.9054, 0.904, 0.9044]],